﻿StrRef,SpeakerType,SpeakerName,TextEng,Text,DLG,Scripts,Conditions,DialogueContext,SoundRef,VolumeVariance,PitchVariance
84624,Dialog,PILG_INFO,"""So you woke the Sleeping Man, did you? Ha! I'm sure that sparked a fire beneath all those pouting pilgrims!""","""그래서 잠자는 자를 깨웠다고? 하! 저 뾰루퉁한 순례자들 엉덩이에 불붙였겠군!""",H2_PILG_INFO,,,,vs_nx2ardem_50,0,0
84625,Dialog,PILG_INFO,"""Aye, it was a fine plan. I have a trumpet that blows with all the winds of Pandemonium and I thought it might do the trick. Why do you ask?""","""그래, 훌륭한 계획이었지. 복마전의 모든 바람을 부는 나팔이 있거든. 그걸로 통할 거라 생각했지. 왜 그러나?""",H2_PILG_INFO,,,,vs_nx2ardem_51,0,0
84627,Dialog,PILG_INFO,"""They show up every time I visit the Hells, it seems. They'll fall right off a couple of weeks after I leave. It must be I have some fiendish blood in me. That'd explain my mother's side of the family, at any rate.""","""지옥에 올 때마다 생기는 것 같더군. 떠나고 2주쯤 지나면 떨어져 나가지. 내 안에 사악한 피가 있는 게 틀림없어. 그래서 어머니 쪽 가족을 설명할 수 있지.""",H2_PILG_INFO,,,,vs_nx2ardem_53,0,0
84628,Dialog,PILG_INFO,"""Me? Oh, I get around. I stumbled upon all these pouting pilgrims as they were leaving Limbo and thought they could use some cheering up. It seems I have a penchant for the impossible...""","""나? 아, 여기저기 돌아다니지. 림보를 떠나는 이 뾰루퉁한 순례자들을 우연히 만났는데 기분 전환이 필요해 보이더군. 불가능한 것에 끌리는 것 같아...""",H2_PILG_INFO,,,,vs_nx2ardem_54,0,0
84629,Dialog,PILG_INFO,"""So you're into the sensei's mumbo-jumbo, are you?"" The old man tosses you a critical look. ","""그래서 사부의 횡설수설에 빠졌다고?"" 늙은이가 당신에게 비판적인 눈길을 던집니다.",H2_PILG_INFO,,,,vs_nx2ardem_55,0,0
84630,Dialog,PILG_INFO,"""I might. How much is it worth to you?""","""그럴 수도 있지. 네게 얼마나 가치 있는데?""",H2_PILG_INFO,,,,vs_nx2ardem_56,0,0
97269,Dialog,PILG_INFO,The old tiefling has his deck of cards out again. He cocks you a smile as you approach.,늙은 티플링이 다시 카드 한 벌을 꺼냈습니다. 당신이 다가가자 빙긋 웃습니다.,H2_PILG_INFO,,,,,0,0
97270,Dialog,PILG_INFO,"An elderly man with a lopsided grin casually shuffles cards at a side table, occasionally earning the scowls of some of the more dour-faced patrons. Two horns protrude from his forehead, one slightly chipped.","비뚤어진 미소를 짓는 노인이 옆 테이블에서 무심하게 카드를 섞고 있으며, 가끔 침울한 얼굴의 손님들의 인상을 찌푸리게 만듭니다. 이마에서 뿔 두 개가 튀어나와 있고, 하나는 약간 깨져 있습니다.",H2_PILG_INFO,h2a_card_journ01,,,,0,0
97271,Dialog,PILG_INFO,"""Then you're a fool beyond words. So much so that I'll take a bit of pity on you and give you a second chance. Now tell me true: how much is a True Name worth?""","""그럼 넌 말로 표현할 수 없을 만큼 바보로군. 너무 바보라서 조금 불쌍해서 한 번 더 기회를 줄게. 이제 진실을 말해봐: 진명은 얼마나 가치 있는 거지?""",H2_PILG_INFO,,,,,0,0
97272,Dialog,PILG_INFO,"""Not enough, not near enough... But thank you, I'll take that as a down payment. Now tell me true, berk: how much is a True Name worth?""","""부족해, 턱없이 부족하군... 하지만 고맙네, 계약금으로 받아두지. 이제 진실을 말해봐: 진명은 얼마나 가치 있는 거지?""",H2_PILG_INFO,,,,,0,0
97273,Dialog,PILG_INFO,"""Not enough, not near enough... But thank you, I'll take that as a down payment. Now tell me true, berk: how much is a True Name worth?""","""부족해, 턱없이 부족하군... 하지만 고맙네, 계약금으로 받아두지. 이제 진실을 말해봐: 진명은 얼마나 가치 있는 거지?""",H2_PILG_INFO,,,,,0,0
97274,Dialog,PILG_INFO,"""Not enough, not near enough... But thank you, I'll take that as a down payment. Now tell me true, berk: how much is a True Name worth?""","""부족해, 턱없이 부족하군... 하지만 고맙네, 계약금으로 받아두지. 이제 진실을 말해봐: 진명은 얼마나 가치 있는 거지?""",H2_PILG_INFO,,,,,0,0
97275,Dialog,PILG_INFO,"""Not enough, not near enough... But thank you, I'll take that as a down payment. Now tell me true, berk: how much is a True Name worth?""","""부족해, 턱없이 부족하군... 하지만 고맙네, 계약금으로 받아두지. 이제 진실을 말해봐: 진명은 얼마나 가치 있는 거지?""",H2_PILG_INFO,,,,,0,0
97276,Dialog,PILG_INFO,"""Easily said for a <man/woman> who has nothing. No wits, no guile, no sense of humor... Keep your money and possessions. You bore me, you poor sod.""","""아무것도 없는 <man/woman>가 하기 쉬운 말이지. 재치도, 꾀도, 유머 감각도 없으니... 돈이랑 물건은 가지고 있어. 날 지루하게 만드는군, 불쌍한 친구.""",H2_PILG_INFO,,,,,0,0
97277,Dialog,PILG_INFO,"""Fine, fine. I've been around these old birds long enough not to be clueless and I reckon I've figured out the sensei's fourth-fold mystery, at any rate.""","""좋아, 좋아. 이 늙은이들 근처에 오래 있어서 무지하진 않지. 최소한 사부의 네 번째 수수께끼는 알아낸 것 같아.""",H2_PILG_INFO,,,,,0,0
97278,Dialog,PILG_INFO,"The man's compulsive card-shuffling slows briefly before resuming. ""She and I had a little tussle, you could say.""","남자의 강박적인 카드 섞기가 잠깐 느려졌다가 다시 계속됩니다. ""그녀랑 나랑 약간 다툼이 있었지.""",H2_PILG_INFO,,,,,0,0
97279,Dialog,PILG_INFO,"""I suppose stranger things have been called the same. I've been around these old birds long enough not to be clueless and I reckon I've figured out the sensei's fourth-fold mystery, at any rate.""","""더 이상한 것들도 같은 이름으로 불렸지. 이 늙은이들 근처에 오래 있어서 무지하진 않아. 최소한 사부의 네 번째 수수께끼는 알아낸 것 같아.""",H2_PILG_INFO,,,,,0,0
97280,Dialog,PILG_INFO,"""Alright, it's a fair enough tale to spin... Long before the devils laid claim to Cania, it was home to a race called the Knowers. They were collectors, catalogers of lore and some say they're still alive out there.""","""좋아, 꽤 괜찮은 이야기지... 마귀들이 카니아를 차지하기 훨씬 전에, 이곳은 노워라는 종족의 고향이었어. 그들은 지식의 수집가이자 목록 작성자였고, 아직도 어딘가에 살아있다고들 하지.""",H2_PILG_INFO,,,,,0,0
97281,Dialog,PILG_INFO,"""Let the sensei call it her fourth-fold mystery if she wishes but, when the Sleeping Man came to Cania, he came in search of one Knower in particular: the Knower of Places.""","""사부가 그걸 네 번째 수수께끼라 부르고 싶다면 그러라지. 하지만 잠자는 자가 카니아에 왔을 때, 그는 특정한 노워 하나를 찾아왔어: 장소의 노워를.""",H2_PILG_INFO,h2a_card_learn4,,,,0,0
97282,Dialog,PILG_INFO,"""Oh, an old bard gets around and lore is our specialty. Any bard in Baator can tell you a smattering about the Knowers. For a traveling man such as myself, I take a keen interest in the Knower of Places.""","""아, 늙은 음유시인은 여기저기 돌아다니고 지식이 우리 전문이지. 베이아터의 어떤 음유시인이든 노워에 대해 조금씩은 알려줄 수 있어. 나 같은 여행자에게는 장소의 노워가 특히 관심사야.""",H2_PILG_INFO,,,,,0,0
97283,Dialog,PILG_INFO,"""Think of it: the planes are too vast to comprehend! In such a reality, what answer becomes prized above all else? The Sleeping Man was wise, I'll give him that. He knew to ask the 'Where' of things."" ","""생각해봐: 차원들은 이해하기엔 너무 광대해! 그런 현실에서, 무엇보다 귀중한 답은 뭐겠어? 잠자는 자는 현명했어, 인정하지. 그는 사물의 '어디'를 물어야 한다는 걸 알았어.""",H2_PILG_INFO,,,,,0,0
97284,Dialog,PILG_INFO,"""There's the rub, berk. The Knowers were never warriors and the devils drove them to the brink of extinction. The story goes that the Knower of Places knew a place where she could hide and so she did.""","""거기에 문제가 있지. 노워들은 전사가 아니었고 마귀들이 그들을 멸종 직전까지 몰았어. 이야기에 따르면 장소의 노워는 숨을 수 있는 장소를 알았고 그래서 숨었대.""",H2_PILG_INFO,,,,,0,0
97285,Dialog,PILG_INFO,"""And who would know a better place to hide than her? I doubt the Sleeping Man ever found her. From the looks of things, he exhausted himself in the trying of it. Sorry, berk.""","""그녀보다 더 나은 은신처를 알 사람이 누가 있겠어? 잠자는 자가 그녀를 찾았을지 의문이야. 상황을 봐선, 그는 찾다가 지쳐버린 것 같아. 미안하군.""",H2_PILG_INFO,,,,,0,0
97286,Dialog,PILG_INFO,"""Oh, long enough I reckon. Long enough to have figured out the fourth-fold mystery of the Sleeping Man, at any rate. He came here looking for someone and I think I know who.""","""아, 꽤 오래됐지. 최소한 잠자는 자의 네 번째 수수께끼를 알아낼 만큼은. 그는 누군가를 찾아 여기 왔고, 내가 누군지 아는 것 같아.""",H2_PILG_INFO,,,,,0,0
97287,Dialog,PILG_INFO,"""The Sleeping Man? Well, long ago, before the devils laid their claim on Cania, this place was home to a race called the Knowers. They were collectors, catalogers of lore and it's said that some of them still survive.""","""잠자는 자? 글쎄, 오래 전에, 마귀들이 카니아를 차지하기 전에, 이곳은 노워라는 종족의 고향이었어. 그들은 지식의 수집가이자 목록 작성자였고, 그들 중 일부는 아직도 살아있다고 해.""",H2_PILG_INFO,,,,,0,0
97288,Dialog,PILG_INFO,"""Let the sensei call it her fourth-fold mystery if she wishes but, when the Sleeping Man came to Cania, he came in search of one Knower in particular: the Knower of Places.""","""사부가 그걸 네 번째 수수께끼라 부르고 싶다면 그러라지. 하지만 잠자는 자가 카니아에 왔을 때, 그는 특정한 노워 하나를 찾아왔어: 장소의 노워를.""",H2_PILG_INFO,h2a_card_learn4,,,,0,0
97289,Dialog,PILG_INFO,"""Oh, you'll find her in the temple just north of here, tending to the Sleeping Man. The sensei is the one who brought all of these pouting pilgrims here. Not a single sense of humor to be shared among them, I'm afraid.""","""아, 그녀는 여기서 북쪽 신전에서 잠자는 자를 돌보고 있어. 사부가 이 뾰루퉁한 순례자들을 모두 여기로 데려온 사람이지. 그들 중에는 유머 감각이라고는 하나도 없어, 유감스럽게도.""",H2_PILG_INFO,,,,,0,0
97290,Dialog,PILG_INFO,"""Oh, an old bard gets around and lore is our specialty. Any bard in Baator can tell you a smattering about the Knowers. For a traveling man such as myself, I take a keen interest in the Knower of Places.""","""아, 늙은 음유시인은 여기저기 돌아다니고 지식이 우리 전문이지. 베이아터의 어떤 음유시인이든 노워에 대해 조금씩은 알려줄 수 있어. 나 같은 여행자에게는 장소의 노워가 특히 관심사야.""",H2_PILG_INFO,,,,,0,0
97291,Dialog,PILG_INFO,"""Think of it: the planes are too vast to comprehend! In such a reality, what answer becomes prized above all else? The Sleeping Man was wise, I'll give him that. He knew to ask the 'Where' of things."" ","""생각해봐: 차원들은 이해하기엔 너무 광대해! 그런 현실에서, 무엇보다 귀중한 답은 뭐겠어? 잠자는 자는 현명했어, 인정하지. 그는 사물의 '어디'를 물어야 한다는 걸 알았어.""",H2_PILG_INFO,,,,,0,0
97292,Dialog,PILG_INFO,"""There's the rub, berk. The Knowers were never warriors and the devils drove them to the brink of extinction. The story goes that the Knower of Places knew a place where she could hide and so she did.""","""거기에 문제가 있지. 노워들은 전사가 아니었고 마귀들이 그들을 멸종 직전까지 몰았어. 이야기에 따르면 장소의 노워는 숨을 수 있는 장소를 알았고 그래서 숨었대.""",H2_PILG_INFO,,,,,0,0
97293,Dialog,PILG_INFO,"""And who would know a better place to hide than her? I doubt the Sleeping Man ever found her. From the looks of things, he exhausted himself in the trying of it. Sorry, berk.""","""그녀보다 더 나은 은신처를 알 사람이 누가 있겠어? 잠자는 자가 그녀를 찾았을지 의문이야. 상황을 봐선, 그는 찾다가 지쳐버린 것 같아. 미안하군.""",H2_PILG_INFO,,,,,0,0
97294,Dialog,PILG_INFO,"The horned man spits and the shuffling of his cards grows all the more fierce. ""If you've got questions about the Sleeping Man, go talk to the sensei. I've washed my hands of it.""","뿔 달린 남자가 침을 뱉고 카드 섞는 소리가 더욱 거세집니다. ""잠자는 자에 대해 질문 있으면 사부한테 가봐. 난 손 뗐어.""",H2_PILG_INFO,,,,,0,0
97295,Dialog,PILG_INFO,"""Oh, you'll find her in the temple just north of here, tending to the Sleeping Man. The sensei is the one who brought all of these pouting pilgrims here. Not a single sense of humor to be shared among them, I'm afraid.""","""아, 그녀는 여기서 북쪽 신전에서 잠자는 자를 돌보고 있어. 사부가 이 뾰루퉁한 순례자들을 모두 여기로 데려온 사람이지. 그들 중에는 유머 감각이라고는 하나도 없어, 유감스럽게도.""",H2_PILG_INFO,,,,,0,0
97296,Dialog,PILG_INFO,"""Just a harmless joke was all. These pouting pilgrims keep prattling on about 'the Sleeping Man this' and 'the Sleeping Man that.' The thought of waking the old guy up started tickling my funny bone.""","""그냥 해 없는 농담이었어. 이 뾰루퉁한 순례자들이 '잠자는 자가 이러쿵', '잠자는 자가 저러쿵' 떠들어대니까. 그 늙은이를 깨운다는 생각이 우스워지더라고.""",H2_PILG_INFO,,,,,0,0
97297,Dialog,PILG_INFO,"""Needless to say, when the sensei caught wind of it, she didn't take too kindly to the idea.""","""말할 것도 없이, 사부가 그 소식을 듣고 전혀 좋아하지 않았지.""",H2_PILG_INFO,,,,,0,0
97298,Dialog,PILG_INFO,"""Oh, you'll find her in the temple just north of here, tending to the Sleeping Man. The sensei is the one who brought all of these pouting pilgrims here. Not a single sense of humor to be shared among them, I'm afraid.""","""아, 그녀는 여기서 북쪽 신전에서 잠자는 자를 돌보고 있어. 사부가 이 뾰루퉁한 순례자들을 모두 여기로 데려온 사람이지. 그들 중에는 유머 감각이라고는 하나도 없어, 유감스럽게도.""",H2_PILG_INFO,,,,,0,0
97299,Dialog,PILG_INFO,"""Oh, an old bard gathers a few trinkets along the way. There's an instrument-maker in Sigil whose trumpets are fashioned with a small portal to the Plane of Pandemonium...""","""아, 늙은 음유시인은 여행하면서 잡동사니를 좀 모으게 되지. 시길에 악기 제작자가 있는데 그의 나팔들은 복마전 차원으로 가는 작은 차원문이 있어...""",H2_PILG_INFO,,,,,0,0
97300,Dialog,PILG_INFO,"""Put your lips to it and blow and all the howling winds of that mad place blow with you. I was planning to lean up close and put it right to his ear... Nothing can sleep through such a cacophony, not even the Sleeping Man.""","""입에 대고 불면 그 미친 곳의 울부짖는 바람이 모두 함께 불지. 가까이 다가가서 그의 귀에 대고 불 계획이었어... 그런 소음을 뚫고 잘 수 있는 건 아무것도 없어, 잠자는 자라 해도.""",H2_PILG_INFO,h2a_card_journ02,,,,0,0
97301,Dialog,PILG_INFO,"""Oh, it's just some of the sensei's mumbo-jumbo. She's turned the Sleeping Man into a religion for all these pouting pilgrims, and the five mysteries have become an initiation rite of sorts.""","""아, 그냥 사부의 횡설수설이야. 그녀가 잠자는 자를 이 뾰루퉁한 순례자들을 위한 종교로 만들었고, 다섯 개의 수수께끼가 일종의 입문 의식이 됐지.""",H2_PILG_INFO,,,,,0,0
97302,Dialog,PILG_INFO,"""Oh, you'll find her in the temple just north of here, tending to the Sleeping Man. The sensei is the one who brought all of these pouting pilgrims here. Not a single sense of humor to be shared among them, I'm afraid.""","""아, 그녀는 여기서 북쪽 신전에서 잠자는 자를 돌보고 있어. 사부가 이 뾰루퉁한 순례자들을 모두 여기로 데려온 사람이지. 그들 중에는 유머 감각이라고는 하나도 없어, 유감스럽게도.""",H2_PILG_INFO,,,,,0,0
97303,Dialog,PILG_INFO,"""You're clueless, then, are you berk? That's okay, someone's got to be clueless or the rest of us wouldn't have anyone to explain things to. You see, 'Where' is a difficult sort of question in the planes.""","""그럼 무지한 거로군? 괜찮아, 누군가는 무지해야 나머지 사람들이 설명할 대상이 생기니까. 봐봐, '어디'는 차원에서 어려운 종류의 질문이야.""",H2_PILG_INFO,,,,,0,0
97304,Dialog,PILG_INFO,"""Look up and maybe Limbo's way above us somewhere. Or maybe, if you travel far enough east, you'll get there. Or Limbo could be through this knothole in the wood or maybe Limbo's just a different way of seeing things.""","""위를 보면 림보가 우리 위 어딘가에 있을지도. 아니면, 동쪽으로 충분히 멀리 가면 거기에 닿을 수도. 림보는 나무의 이 옹이구멍을 통과해 있을 수도 있고, 아니면 림보는 그냥 사물을 보는 다른 방식일 수도.""",H2_PILG_INFO,,,,,0,0
97305,Dialog,PILG_INFO,"""Don't we all. The only ones who seem content to stay are the devils themselves and most of them only because someone more powerful threatened them with worse. Welcome to the City of Lost Souls, friend.""","""누구나 그렇지. 머물고 싶어하는 것 같은 건 마귀들뿐이고, 그들도 대부분 더 강한 누군가가 더 나쁜 것으로 위협했기 때문이야. 잃어버린 영혼들의 도시에 온 걸 환영해, 친구.""",H2_PILG_INFO,,,,,0,0
97306,Dialog,PILG_INFO,"""Who does? The planes aren't there to be understood, berk. You'll go mad trying to. The best advice is just to let go and learn to accept the planes for what they are. When you do that, you'll no longer be clueless.""","""누가 그래? 차원들은 이해하라고 있는 게 아니야. 이해하려다 미치게 될 거야. 최고의 충고는 그냥 내려놓고 차원을 있는 그대로 받아들이는 법을 배우는 거지. 그렇게 하면 더 이상 무지하지 않게 돼.""",H2_PILG_INFO,,,,,0,0
97307,Dialog,PILG_INFO,"""Have you no eyes? The tavern's full of them! Grey skin, dour faces, overly pious with their whispered voices, all of them led to the depths of the Nine Hells by that fool lass, the sensei. All of it in the name of the Sleeping Man.""","""눈이 없나? 주점이 그들로 가득해! 회색 피부, 침울한 얼굴, 속삭이는 목소리로 지나치게 경건하고, 모두 저 바보 아가씨, 사부한테 이끌려 구층 지옥 깊숙이 온 거야. 모두 잠자는 자의 이름으로.""",H2_PILG_INFO,,,,,0,0
97308,Dialog,PILG_INFO,"The horned man spits and the shuffling of his cards grows all the more fierce. ""If you've got questions about the Sleeping Man, go talk to the sensei. I've washed my hands of it.""","뿔 달린 남자가 침을 뱉고 카드 섞는 소리가 더욱 거세집니다. ""잠자는 자에 대해 질문 있으면 사부한테 가봐. 난 손 뗐어.""",H2_PILG_INFO,,,,,0,0
97309,Dialog,PILG_INFO,"""Just a harmless joke was all. These pouting pilgrims keep prattling on about 'the Sleeping Man this' and 'the Sleeping Man that.' The thought of waking the old guy up started tickling my funny bone.""","""그냥 해 없는 농담이었어. 이 뾰루퉁한 순례자들이 '잠자는 자가 이러쿵', '잠자는 자가 저러쿵' 떠들어대니까. 그 늙은이를 깨운다는 생각이 우스워지더라고.""",H2_PILG_INFO,,,,,0,0
97310,Dialog,PILG_INFO,"""Needless to say, when the sensei caught wind of it, she didn't take too kindly to the idea.""","""말할 것도 없이, 사부가 그 소식을 듣고 전혀 좋아하지 않았지.""",H2_PILG_INFO,,,,,0,0
97311,Dialog,PILG_INFO,"""Oh, an old bard gathers a few trinkets along the way. There's an instrument-maker in Sigil whose trumpets are fashioned with a small portal to the Plane of Pandemonium...""","""아, 늙은 음유시인은 여행하면서 잡동사니를 좀 모으게 되지. 시길에 악기 제작자가 있는데 그의 나팔들은 복마전 차원으로 가는 작은 차원문이 있어...""",H2_PILG_INFO,,,,,0,0
97312,Dialog,PILG_INFO,"""Put your lips to it and blow and all the howling winds of that mad place blow with you. I was planning to lean up close and put it right to his ear... Nothing can sleep through such a cacophony, not even the Sleeping Man.""","""입에 대고 불면 그 미친 곳의 울부짖는 바람이 모두 함께 불지. 가까이 다가가서 그의 귀에 대고 불 계획이었어... 그런 소음을 뚫고 잘 수 있는 건 아무것도 없어, 잠자는 자라 해도.""",H2_PILG_INFO,h2a_card_journ02,,,,0,0
97313,Dialog,PILG_INFO,"""Oh, you'll find her in the temple just north of here, tending to the Sleeping Man. The sensei is the one who brought all of these pouting pilgrims here. Not a single sense of humor to be shared among them, I'm afraid.""","""아, 그녀는 여기서 북쪽 신전에서 잠자는 자를 돌보고 있어. 사부가 이 뾰루퉁한 순례자들을 모두 여기로 데려온 사람이지. 그들 중에는 유머 감각이라고는 하나도 없어, 유감스럽게도.""",H2_PILG_INFO,,,,,0,0
97314,Dialog,PILG_INFO,"""Recent enough."" The slapping sound of the card's shuffling slows briefly before resuming. ""I had me a little tussle with the sensei.""","""꽤 최근이지."" 카드 섞는 소리가 잠깐 느려졌다가 다시 계속됩니다. ""사부랑 약간 다툼이 있었거든.""",H2_PILG_INFO,,,,,0,0
97315,Dialog,PILG_INFO,"""Oh, you'll find her in the temple just north of here, tending to the Sleeping Man. The sensei is the one who brought all of these pouting pilgrims here. Not a single sense of humor to be shared among them, I'm afraid.""","""아, 그녀는 여기서 북쪽 신전에서 잠자는 자를 돌보고 있어. 사부가 이 뾰루퉁한 순례자들을 모두 여기로 데려온 사람이지. 그들 중에는 유머 감각이라고는 하나도 없어, 유감스럽게도.""",H2_PILG_INFO,,,,,0,0
97316,Dialog,PILG_INFO,"""Have you no eyes? The tavern's full of them! Grey skin, dour faces, overly pious with their whispered voices, all of them led to the depths of the Nine Hells by that fool lass, the sensei. All of it in the name of the Sleeping Man.""","""눈이 없나? 주점이 그들로 가득해! 회색 피부, 침울한 얼굴, 속삭이는 목소리로 지나치게 경건하고, 모두 저 바보 아가씨, 사부한테 이끌려 구층 지옥 깊숙이 온 거야. 모두 잠자는 자의 이름으로.""",H2_PILG_INFO,,,,,0,0
97317,Dialog,PILG_INFO,"The horned man spits, never interrupting his shuffling of the cards. ""If you've got questions about the Sleeping Man, go talk to the sensei. I've washed my hands of it.""","뿔 달린 남자가 침을 뱉습니다, 카드를 섞는 것을 멈추지 않으면서. ""잠자는 자에 대해 질문 있으면 사부한테 가봐. 난 손 뗐어.""",H2_PILG_INFO,,,,,0,0
97318,Dialog,PILG_INFO,"""Just a harmless joke was all. These pouting pilgrims keep prattling on about 'the Sleeping Man this' and 'the Sleeping Man that.' The thought of waking the old guy up started tickling my funny bone.""","""그냥 해 없는 농담이었어. 이 뾰루퉁한 순례자들이 '잠자는 자가 이러쿵', '잠자는 자가 저러쿵' 떠들어대니까. 그 늙은이를 깨운다는 생각이 우스워지더라고.""",H2_PILG_INFO,,,,,0,0
97319,Dialog,PILG_INFO,"""Needless to say, when the sensei caught wind of it, she didn't take too kindly to the idea.""","""말할 것도 없이, 사부가 그 소식을 듣고 전혀 좋아하지 않았지.""",H2_PILG_INFO,,,,,0,0
97320,Dialog,PILG_INFO,"""Oh, an old bard gathers a few trinkets along the way. There's an instrument-maker in Sigil whose trumpets are fashioned with a small portal to the Plane of Pandemonium...""","""아, 늙은 음유시인은 여행하면서 잡동사니를 좀 모으게 되지. 시길에 악기 제작자가 있는데 그의 나팔들은 복마전 차원으로 가는 작은 차원문이 있어...""",H2_PILG_INFO,,,,,0,0
97321,Dialog,PILG_INFO,"""Put your lips to it and blow and all the howling winds of that mad place blow with you. I was planning to lean up close and put it right to his ear... Nothing can sleep through such a cacophony, not even the Sleeping Man.""","""입에 대고 불면 그 미친 곳의 울부짖는 바람이 모두 함께 불지. 가까이 다가가서 그의 귀에 대고 불 계획이었어... 그런 소음을 뚫고 잘 수 있는 건 아무것도 없어, 잠자는 자라 해도.""",H2_PILG_INFO,h2a_card_journ02,,,,0,0
97322,Dialog,PILG_INFO,"His shuffling stops, the deck of cards slipping into his pocket as he reaches for another. ""Nothing is free, berk, but it doesn't look like I'll be using it, not with the sensei watching me like a hawk...""","그의 카드 섞기가 멈추고, 카드 덱이 주머니로 미끄러져 들어가면서 그가 다른 것을 꺼냅니다. ""공짜는 없어, 하지만 사부가 매처럼 날 감시하는데 쓸 것 같지도 않고...""",H2_PILG_INFO,,,,,0,0
97323,Dialog,PILG_INFO,"""For the price of a little entertainment, I'd be willing to let you keep the blasted thing. Are you interested?""","""약간의 오락 대가로 이 빌어먹을 물건을 너한테 줄 용의가 있어. 관심 있어?""",H2_PILG_INFO,h2a_card_offered,,,,0,0
97324,Dialog,PILG_INFO,"""Sure, sure. It's good to have questions. Keeps the mind sharp.""","""물론, 물론. 질문이 있는 게 좋지. 정신을 날카롭게 유지하니까.""",H2_PILG_INFO,,,,,0,0
97325,Dialog,PILG_INFO,"""Alright, I'm going to teach you a little card trick. I'll let you shuffle the deck and then I'm going to draw a card. You can ask five 'yes or no' questions about the card and then you have to guess what it is.""","""좋아, 작은 카드 트릭을 가르쳐줄게. 네가 덱을 섞으면 내가 카드를 뽑을 거야. 그 카드에 대해 '예 또는 아니오'로 답할 수 있는 질문을 다섯 개 할 수 있고, 그 다음에 그게 뭔지 맞춰야 해.""",H2_PILG_INFO,,,,,0,0
97326,Dialog,PILG_INFO,"""Aces are low, Kings are high, and there's no Joker here but me, understood?""","""에이스는 낮고, 킹은 높고, 여기엔 나 말고는 조커가 없어, 알겠어?""",H2_PILG_INFO,,,,,0,0
97327,Dialog,PILG_INFO,"""Sure thing. It's a simple card trick. You shuffle the deck and then I'm going to draw a card. You get to ask five 'yes or no' questions about the card and then you have to guess what it is.""","""당연하지. 간단한 카드 트릭이야. 네가 덱을 섞으면 내가 카드를 뽑을 거야. 넌 그 카드에 대해 '예 또는 아니오'로 답할 수 있는 질문을 다섯 개 할 수 있고, 그 다음에 그게 뭔지 맞춰야 해.""",H2_PILG_INFO,,,,,0,0
97328,Dialog,PILG_INFO,"""One more thing. Let's up the ante: Empty your pockets onto the table. I'll let you know when it's enough. If you win, you get it all back and the trumpet besides. If you lose, I sweep the table and we play again.""","""한 가지 더. 판돈을 올리자: 주머니를 비워서 테이블에 올려. 충분하면 알려줄게. 이기면 전부 돌려받고 나팔도 가져가는 거야. 지면 내가 테이블을 쓸어담고 다시 하는 거고.""",H2_PILG_INFO,h2a_card_rules,,,,0,0
97329,Dialog,PILG_INFO,"""They're the only ones I play by. If you don't like them, then there's no game. If you change your mind, just come back and ask me about that trumpet.""","""이게 내가 지키는 유일한 규칙이야. 마음에 안 들면 게임은 없어. 마음이 바뀌면 돌아와서 나팔에 대해 물어봐.""",H2_PILG_INFO,,,,,0,0
97330,Dialog,PILG_INFO,"The old man paws through your belongings, biting the gold and squinting at everything in the dim light. At long last, he turns his attention back to you...","늙은이가 당신의 소지품을 뒤지며, 금을 물어뜯고 희미한 빛에서 모든 것을 찡그리며 들여다봅니다. 마침내, 그가 다시 당신에게 주의를 돌립니다...",H2_PILG_INFO,,,,,0,0
97331,Dialog,PILG_INFO,"""Perfect."" He eyes you as you shuffle the cards. With a disarming smile, he draws one from the deck.","""완벽해."" 당신이 카드를 섞는 동안 그가 당신을 바라봅니다. 경계를 풀게 만드는 미소와 함께, 그가 덱에서 하나를 뽑습니다.",H2_PILG_INFO,h2a_card_draw,,,,0,0
97332,Dialog,PILG_INFO,"""Fine, but quitters pay, berk."" You watch as the old bard sweeps the contents of the table into his satchel.","""좋아, 하지만 포기하는 놈은 대가를 치르지."" 늙은 음유시인이 테이블 위의 물건들을 가방으로 쓸어담는 것을 지켜봅니다.",H2_PILG_INFO,h2a_card_sweep,,,,0,0
97333,Dialog,PILG_INFO,"""Okay, no more questions. Come on, give me your best guess, berk. What card do you think it was?""","""좋아, 질문은 끝이야. 자, 최선의 추측을 해봐. 무슨 카드였을 것 같아?""",H2_PILG_INFO,,,,,0,0
97334,Dialog,PILG_INFO,The tiefling fingers the items on the table as he awaits your question. He seems well pleased with your ante.,티플링이 당신의 질문을 기다리며 테이블 위의 물건들을 만지작거립니다. 당신의 판돈에 매우 만족하는 것 같습니다.,H2_PILG_INFO,,,,,0,0
97335,Dialog,PILG_INFO,"The old man seems distracted, almost bored by your ponderous deliberations.","늙은이는 산만해 보이며, 당신의 무거운 숙고에 거의 지루해하는 것 같습니다.",H2_PILG_INFO,,,,,0,0
97336,Dialog,PILG_INFO,A sly grin comes over the tiefling's face as you ponder what question to ask.,당신이 무슨 질문을 할지 생각하는 동안 티플링의 얼굴에 교활한 미소가 떠오릅니다.,H2_PILG_INFO,,,,,0,0
97337,Dialog,PILG_INFO,Your opponent sighs heavily and readjusts himself in his seat.,상대가 크게 한숨을 쉬고 자리에서 자세를 고쳐 앉습니다.,H2_PILG_INFO,,,,,0,0
97338,Dialog,PILG_INFO,"""No."" <StartCheck>[Wisdom: Failure] You have no idea whether or not he's telling the truth.</Start>","""아니."" <StartCheck>[지혜: 실패] 그가 진실을 말하는지 아닌지 전혀 알 수 없습니다.</Start>",H2_PILG_INFO,,,,,0,0
97339,Dialog,PILG_INFO,"""No."" <StartCheck>[Wisdom: Success] You're pretty sure he's lying to you.</Start>","""아니."" <StartCheck>[지혜: 성공] 그가 거짓말하고 있는 게 확실합니다.</Start>",H2_PILG_INFO,,,,,0,0
97340,Dialog,PILG_INFO,"""No."" <StartCheck>[Wisdom: Success] You're pretty sure he's telling the truth.</Start>","""아니."" <StartCheck>[지혜: 성공] 그가 진실을 말하고 있는 게 확실합니다.</Start>",H2_PILG_INFO,,,,,0,0
97341,Dialog,PILG_INFO,"""Yes."" <StartCheck>[Wisdom: Failure] You have no idea whether or not he's telling the truth.</Start>","""그래."" <StartCheck>[지혜: 실패] 그가 진실을 말하는지 아닌지 전혀 알 수 없습니다.</Start>",H2_PILG_INFO,,,,,0,0
97342,Dialog,PILG_INFO,"""Yes."" <StartCheck>[Wisdom: Success] You're pretty sure he's lying to you.</Start>","""그래."" <StartCheck>[지혜: 성공] 그가 거짓말하고 있는 게 확실합니다.</Start>",H2_PILG_INFO,,,,,0,0
97343,Dialog,PILG_INFO,"""Yes."" <StartCheck>[Wisdom: Success] You're pretty sure he's telling the truth.</Start>","""그래."" <StartCheck>[지혜: 성공] 그가 진실을 말하고 있는 게 확실합니다.</Start>",H2_PILG_INFO,,,,,0,0
97344,Dialog,PILG_INFO,"""Okay, no more questions. Come on, give me your best guess, berk. What card do you think it was?""","""좋아, 질문은 끝이야. 자, 최선의 추측을 해봐. 무슨 카드였을 것 같아?""",H2_PILG_INFO,,,,,0,0
97345,Dialog,PILG_INFO,The old bard carefully keeps his face devoid of all emotion. You suspect you're not the first person he's played this game with.,늙은 음유시인이 조심스럽게 얼굴에 감정을 드러내지 않습니다. 당신이 이 게임을 해본 첫 번째 사람은 아닌 것 같습니다.,H2_PILG_INFO,,,,,0,0
97346,Dialog,PILG_INFO,"""Wrong, my friend. Wrong, wrong, wrong."" He tosses the card facedown onto the table where it bursts into flame and is gone. He sweeps your ante into his satchel. ""Ready for another try?""","""틀렸어, 친구. 틀렸어, 틀렸어, 틀렸다고."" 그가 카드를 뒤집어 테이블에 던지자 불길에 휩싸여 사라집니다. 그가 당신의 판돈을 가방으로 쓸어담습니다. ""한 번 더 해볼래?""",H2_PILG_INFO,h2a_card_sweep,,,,0,0
97347,Dialog,PILG_INFO,"He bursts into gales of laughter and reaches over to clap you on the back. ""Well done, my friend, well done! Clear the table for yourself and take the trumpet too! You'll do well in these parts.""","그가 우레와 같은 웃음을 터뜨리며 손을 뻗어 당신의 등을 두드립니다. ""잘했어, 친구, 정말 잘했어! 테이블을 치우고 나팔도 가져가! 이곳에서 잘해낼 거야.""",H2_PILG_INFO,h2a_card_gameoff,,,,0,0
97348,Dialog,PILG_INFO,"He claps his hands and a new deck of cards suddenly emerges between his fingers. With a final wink in your direction, he busies himself with his shuffling.","그가 손뼉을 치자 새 카드 덱이 갑자기 그의 손가락 사이에 나타납니다. 당신 쪽으로 마지막 윙크를 하고, 그는 카드 섞기에 몰두합니다.",H2_PILG_INFO,,,,,0,0
97349,Dialog,PILG_INFO,"A bead of sweat trickles down the old man's brow. ""Heh. Coming down to the wire, is it?""","땀방울이 늙은이의 이마를 타고 흘러내립니다. ""헤. 막바지에 다다르는군, 그렇지?""",H2_PILG_INFO,,,,,0,0
97350,Dialog,PILG_INFO,"""Only two questions left, now. Keep them coming.""","""이제 질문이 두 개밖에 안 남았어. 계속해봐.""",H2_PILG_INFO,,,,,0,0
97351,Dialog,PILG_INFO,"""You've got three more questions so I recommend you put them to good use.""","""질문이 세 개 더 남았으니까 잘 써먹길 권하지.""",H2_PILG_INFO,,,,,0,0
97352,Dialog,PILG_INFO,"The old tiefling chuckles to himself and shakes his head. ""Pick up the pace a little, berk. You've still got four questions left.""","늙은 티플링이 혼자 킥킥거리며 머리를 흔듭니다. ""좀 빨리 해봐. 질문이 아직 네 개나 남았잖아.""",H2_PILG_INFO,,,,,0,0
97353,Dialog,PILG_INFO,"""Cough up, little <man/woman>. That's not near enough. I'm looking for something on the order of 5,000 gold on that table.""","""토해내, 꼬마 <man/woman>. 그건 턱없이 부족해. 저 테이블에 금화 5,000개 정도를 원하는데.""",H2_PILG_INFO,,,,,0,0
97354,Dialog,PILG_INFO,"""Those are higher stakes than the 5,000 gold I'd been expecting. If you want to take something off the table, I won't hold it against you...""","""내가 예상했던 금화 5,000개보다 높은 판돈이군. 테이블에서 뭔가 빼고 싶으면, 그렇게 해도 돼...""",H2_PILG_INFO,,,,,0,0
97355,Dialog,PILG_INFO,"""I came to the Hells for a holiday, berk. I don't get scared."" With a disarming smile, he draws a card from the deck.","""난 휴가로 지옥에 온 거야. 겁먹지 않아."" 경계를 풀게 만드는 미소와 함께, 그가 덱에서 카드를 뽑습니다.",H2_PILG_INFO,h2a_card_draw,,,,0,0
97356,Dialog,PILG_INFO,"""Aye, we're called tieflings, berk. Devils and demons being what they are, I reckon there's fiendish blood in most of us, to be honest. Angels just don't get around as much, if you catch my meaning.""","""그래, 우리는 티플링이라고 불려. 마귀와 악마가 그런 존재들이니, 솔직히 우리 대부분에게 사악한 피가 있다고 봐. 천사들은 그렇게 돌아다니지 않거든, 내 말 알지.""",H2_PILG_INFO,,,,,0,0
97357,Dialog,PILG_INFO,"""My... My True Name! How could you know such a thing!? Ack, I can feel its tug upon my soul... What do you want from me, fiend?""","""내... 내 진명! 어떻게 그런 걸 알 수 있지!? 으악, 내 영혼을 끌어당기는 게 느껴져... 날 보고 뭘 원하는 거야, 악마 같은 놈?""",H2_PILG_INFO,,,,,0,0
97358,Dialog,PILG_INFO,"""Y-y-yes, of course. Other questions! How can I help?""","""그-그래, 물론이지. 다른 질문들! 어떻게 도울까?""",H2_PILG_INFO,,,,,0,0
97359,Dialog,PILG_INFO,"""If it is fame you seek, <Master/Mistress>, fame I can grant you. The bardic services of Arden Swift are at your service from this moment to my dying day... Is there anything else you wish of me?""","""명성을 원하신다면, <Master/Mistress>, 명성을 드릴 수 있습니다. 아든 스위프트의 음유시인 서비스는 지금부터 제가 죽는 날까지 당신을 섬길 것입니다... 제게 원하시는 다른 것이 있습니까?""",H2_PILG_INFO,h2a_card_named3,,,,0,0
97360,Dialog,PILG_INFO,"""Caddisthwaite the Doomed, is it? Well I'll show the gods and the bloody tavernkeeper, too...""","""파멸한 캐디스스웨이트라고? 좋아, 신들과 빌어먹을 주점 주인한테도 보여주마...""",H2_PILG_INFO,h2a_card_named2,,,,0,0
97361,Dialog,PILG_INFO,"""My winnings? Damn you, then, take it all! Easy come, easy go, they say... Is there anything else you demand, <Master/Mistress>?""","""내 상금? 젠장, 그럼 다 가져가! 쉽게 왔다가 쉽게 간다잖아... 주인님께서 요구하시는 다른 것이 있습니까?""",H2_PILG_INFO,h2a_card_named1,,,,0,0
97362,Dialog,PILG_INFO,The bard winks at you but continues shuffling his cards. He's trying to make eye contact with one of the other patrons and apparently has no desire to talk with you any more than he has to.,"음유시인이 당신에게 윙크하지만 계속 카드를 섞습니다. 다른 손님과 눈을 마주치려 하고 있으며, 필요 이상으로 당신과 대화할 생각이 전혀 없는 것 같습니다.",H2_PILG_INFO,,,,,0,0
97363,Dialog,PILG_INFO,"The old tiefling pauses in his card shuffling, cackling with laughter as you approach.","늙은 티플링이 카드 섞기를 멈추고, 당신이 다가가자 낄낄거리며 웃습니다.",H2_PILG_INFO,,,,,0,0
97364,Dialog,PILG_INFO,A MALE TIEFLING WHO FELL IN WITH THE GITHZERAI PILGRIMAGE. CAN BE FOUND IN THE HELLBREATH TAVERN.,기스제라이 순례단과 합류한 남성 티플링입니다. 지옥숨결 주점에서 찾을 수 있습니다.,H2_PILG_INFO,,,,,0,0